year,field,text,size
1908,chemistry,radioactivity,2
1908,chemistry,thorium,1
1908,chemistry,compounds,1
1908,chemistry,cause,1
1908,chemistry,nature,1
1912,chemistry,regarding,1
1912,chemistry,new,1
1912,chemistry,organometallic,1
1912,chemistry,combinations,1
1912,chemistry,magnesium,1
1912,chemistry,application,1
1912,chemistry,alcohol,1
1912,chemistry,synthesis,1
1912,chemistry,hydrocarbides,1
1914,chemistry,revision,1
1914,chemistry,atomgewichte,1
1914,chemistry,von,1
1914,chemistry,natrium,1
1914,chemistry,und,1
1914,chemistry,chlor,1
1915,chemistry,untersuchungen,1
1915,chemistry,uber,2
1915,chemistry,die,1
1915,chemistry,anthocyane,1
1915,chemistry,den,1
1915,chemistry,farbstoff,1
1915,chemistry,kornblume,1
1918,chemistry,uber,1
1918,chemistry,die,1
1918,chemistry,technische,1
1918,chemistry,darstellung,1
1918,chemistry,von,1
1918,chemistry,ammoniak,1
1918,chemistry,aus,1
1918,chemistry,den,1
1918,chemistry,elementen,1
1920,chemistry,energieinhalt,1
1920,chemistry,fester,1
1920,chemistry,stoffe,1
1921,chemistry,cxxxii,1
1921,chemistry,atomic,1
1921,chemistry,weight,1
1921,chemistry,lead,1
1921,chemistry,ceylon,1
1921,chemistry,thorite,1
1922,chemistry,possibility,1
1922,chemistry,separating,1
1922,chemistry,isotopes,1
1923,chemistry,method,1
1923,chemistry,determination,1
1923,chemistry,carbon,1
1923,chemistry,hydrogen,1
1923,chemistry,organic,1
1923,chemistry,compounds,1
1925,chemistry,uber,1
1925,chemistry,sichtbarmachung,1
1925,chemistry,und,1
1925,chemistry,grosenbestimmung,1
1925,chemistry,ultramikoskopischer,1
1925,chemistry,teilchen,1
1925,chemistry,mit,1
1925,chemistry,besonderer,1
1925,chemistry,anwendung,1
1925,chemistry,auf,1
1925,chemistry,goldrubinglaser,1
1926,chemistry,determination,1
1926,chemistry,size,2
1926,chemistry,distribution,1
1926,chemistry,particle,1
1926,chemistry,centrifugal,1
1926,chemistry,methods,1
1927,chemistry,uber,1
1927,chemistry,den,1
1927,chemistry,mechanismus,1
1927,chemistry,oxydationsvorgange,1
1928,chemistry,uber,1
1928,chemistry,ein,1
1928,chemistry,chloroform,1
1928,chemistry,unlosliches,1
1928,chemistry,glykosid,1
1928,chemistry,aus,1
1928,chemistry,digitalis,1
1928,chemistry,blattern,1
1928,chemistry,das,1
1928,chemistry,gitoxin,1
1929,chemistry,alcoholic,1
1929,chemistry,ferment,1
1929,chemistry,yeast,1
1929,chemistry,juice,1
1929,chemistry,enzymatische,1
1929,chemistry,spaltung,1
1929,chemistry,von,1
1929,chemistry,dipeptiden,1
1930,chemistry,einfluss,1
1930,chemistry,configuration,1
1930,chemistry,auf,1
1930,chemistry,die,1
1930,chemistry,wirkung,1
1930,chemistry,enzyme,1
1931,chemistry,absorbing,1
1931,chemistry,ammonia,1
1931,chemistry,apparatus,1
1931,chemistry,therefor,1
1932,chemistry,constitution,1
1932,chemistry,fundamental,1
1932,chemistry,properties,1
1932,chemistry,solids,1
1932,chemistry,liquids,2
1934,chemistry,hydrogen,1
1934,chemistry,isotope,1
1934,chemistry,mass,1
1935,chemistry,artificial,1
1935,chemistry,production,2
1935,chemistry,new,1
1935,chemistry,kind,1
1935,chemistry,radio,1
1935,chemistry,element,1
1935,chemistry,artificielle,1
1935,chemistry,d'lments,1
1935,chemistry,radioactifs,1
1935,chemistry,preuve,1
1935,chemistry,chimique,1
1935,chemistry,de,1
1935,chemistry,la,1
1935,chemistry,transmutation,1
1935,chemistry,des,1
1935,chemistry,lments,1
1936,chemistry,zur,1
1936,chemistry,theorie,1
1936,chemistry,spezifischen,1
1936,chemistry,warmen,1
1937,chemistry,structure,1
1937,chemistry,carbohydrates,1
1937,chemistry,zur,1
1937,chemistry,kenntnis,1
1937,chemistry,des,1
1937,chemistry,vitamins,1
1937,chemistry,aus,1
1937,chemistry,fischtranen,1
1938,chemistry,mikro,1
1938,chemistry,bestimmung,1
1938,chemistry,von,1
1938,chemistry,acetyl,1
1938,chemistry,benzoyl,1
1938,chemistry,und,1
1938,chemistry,methylgruppen,1
1939,chemistry,uber,2
1939,chemistry,androstendion,1
1939,chemistry,einen,1
1939,chemistry,hochwirksamen,1
1939,chemistry,mannlichen,1
1939,chemistry,pragungsstoff,1
1939,chemistry,ein,2
1939,chemistry,beitrag,2
1939,chemistry,zur,2
1939,chemistry,genese,1
1939,chemistry,keimdrusenhormone,1
1939,chemistry,androsteron,3
1939,chemistry,isolierung,1
1939,chemistry,eines,1
1939,chemistry,neuen,1
1939,chemistry,physiologisch,1
1939,chemistry,unwirksamen,1
1939,chemistry,sterinderivates,1
1939,chemistry,aus,1
1939,chemistry,mannerharn,1
1939,chemistry,seine,1
1939,chemistry,verknupfung,1
1939,chemistry,mit,1
1939,chemistry,dehydro,1
1939,chemistry,und,1
1939,chemistry,konstitution,1
1939,chemistry,des,1
1939,chemistry,androsterons,1
1943,chemistry,absorption,1
1943,chemistry,translocation,1
1943,chemistry,lead,1
1943,chemistry,plants,2
1943,chemistry,contribution,1
1943,chemistry,application,1
1943,chemistry,method,1
1943,chemistry,radioactive,1
1943,chemistry,indicators,1
1943,chemistry,investigation,1
1943,chemistry,change,1
1943,chemistry,substance,1
1944,chemistry,uber,1
1944,chemistry,den,1
1944,chemistry,nachweis,1
1944,chemistry,und,1
1944,chemistry,das,1
1944,chemistry,verhalten,1
1944,chemistry,bei,1
1944,chemistry,bestrahlung,1
1944,chemistry,des,1
1944,chemistry,urans,1
1944,chemistry,mittels,1
1944,chemistry,neutronen,1
1944,chemistry,entstehenden,1
1944,chemistry,erdalkalimetalle,1
1945,chemistry,enzymatic,1
1945,chemistry,fission,1
1945,chemistry,synthesis,1
1945,chemistry,asparaginic,1
1945,chemistry,acid,1
1946,chemistry,chemical,1
1946,chemistry,studies,1
1946,chemistry,virus,2
1946,chemistry,tobacco,3
1946,chemistry,mosaic,2
1946,chemistry,vi,1
1946,chemistry,isolation,2
1946,chemistry,diseased,1
1946,chemistry,turkish,1
1946,chemistry,plants,1
1946,chemistry,crystalline,1
1946,chemistry,protein,1
1946,chemistry,possessing,1
1946,chemistry,properties,1
1946,chemistry,method,1
1946,chemistry,determination,1
1946,chemistry,diffusion,1
1946,chemistry,constants,1
1946,chemistry,calculation,1
1946,chemistry,radius,1
1946,chemistry,weight,1
1946,chemistry,hemoglobin,1
1946,chemistry,molecule,1
1946,chemistry,crystallization,1
1946,chemistry,enzyme,1
1946,chemistry,urease,1
1946,chemistry,preliminary,1
1946,chemistry,paper,1
1947,chemistry,lxxv,1
1947,chemistry,theory,1
1947,chemistry,mechanism,1
1947,chemistry,phytochemical,1
1947,chemistry,synthesis,1
1947,chemistry,certain,1
1947,chemistry,alkaloids,1
1948,chemistry,new,1
1948,chemistry,apparatus,1
1948,chemistry,electrophoretic,1
1948,chemistry,analysis,1
1948,chemistry,colloidal,1
1948,chemistry,mixtures,1
1949,chemistry,attainment,1
1949,chemistry,temperatures,1
1949,chemistry,absolute,1
1949,chemistry,demagnetization,1
1949,chemistry,ofgd2,1
1949,chemistry,so4,1
1949,chemistry,8h2o,1
1950,chemistry,synthesen,2
1950,chemistry,hydroaromatischen,2
1950,chemistry,reihe,2
1951,chemistry,radioactive,2
1951,chemistry,element,2
1951,chemistry,94,1
1951,chemistry,deuterons,1
1951,chemistry,uranium,1
1951,chemistry,93,1
1952,chemistry,new,2
1952,chemistry,form,2
1952,chemistry,chromatogram,2
1952,chemistry,employing,2
1952,chemistry,liquid,2
1952,chemistry,phases,2
1952,chemistry,theory,2
1952,chemistry,chromatography,2
1952,chemistry,application,2
1952,chemistry,micro,2
1952,chemistry,determination,2
1952,chemistry,higher,2
1952,chemistry,monoamino,2
1952,chemistry,acids,2
1952,chemistry,proteins,2
1953,chemistry,uber,1
1953,chemistry,neue,1
1953,chemistry,organische,1
1953,chemistry,phosphorverbindungen,1
1953,chemistry,phosphinimine,1
1954,chemistry,structure,1
1954,chemistry,proteins,1
1954,chemistry,hydrogen,1
1954,chemistry,bonded,1
1954,chemistry,helical,1
1954,chemistry,configurations,1
1954,chemistry,polypeptide,1
1954,chemistry,chain,1
1955,chemistry,synthesis,1
1955,chemistry,oxytocin1,1
1956,chemistry,activation,1
1956,chemistry,energy,1
1956,chemistry,organic,1
1956,chemistry,reactions,2
1956,chemistry,part,1
1956,chemistry,transmission,1
1956,chemistry,substituent,1
1956,chemistry,influences,1
1956,chemistry,ester,1
1956,chemistry,hydrolysis,1
1956,chemistry,chemical,1
1956,chemistry,kinetics,1
1956,chemistry,chain,1
1957,chemistry,studies,1
1957,chemistry,phosphorylation,2
1957,chemistry,.2.,1
1957,chemistry,reaction,1
1957,chemistry,dialkyl,1
1957,chemistry,phosphites,1
1957,chemistry,polyhalogen,1
1957,chemistry,compounds,1
1957,chemistry,presence,1
1957,chemistry,bases,1
1957,chemistry,new,1
1957,chemistry,method,1
1957,chemistry,amines,1
1958,chemistry,disulphide,1
1958,chemistry,bonds,1
1958,chemistry,insulin,1
1959,chemistry,processes,1
1959,chemistry,mercury,1
1959,chemistry,dropping,1
1959,chemistry,cathode,1
1959,chemistry,part,1
1959,chemistry,deposition,1
1959,chemistry,metals,1
1960,chemistry,age,1
1960,chemistry,determination,1
1960,chemistry,radiocarbon,2
1960,chemistry,content,1
1960,chemistry,world,1
1960,chemistry,wide,1
1960,chemistry,assay,1
1960,chemistry,natural,1
1961,chemistry,path,1
1961,chemistry,carbon,1
1961,chemistry,photosynthesis,2
1961,chemistry,respiration,1
1962,chemistry,structure,2
1962,chemistry,myoglobin,1
1962,chemistry,three,2
1962,chemistry,dimensional,2
1962,chemistry,fourier,2
1962,chemistry,synthesis,2
1962,chemistry,resolution,2
1962,chemistry,haemoglobin,1
1962,chemistry,obtained,1
1962,chemistry,ray,1
1962,chemistry,analysis,1
1963,chemistry,polymerisation,1
1963,chemistry,von,1
1963,chemistry,athylen,1
1963,chemistry,und,1
1963,chemistry,anderen,1
1963,chemistry,olefinen,1
1963,chemistry,crystalline,1
1963,chemistry,high,1
1963,chemistry,polymers,1
1963,chemistry,olefins,1
1964,chemistry,structure,1
1964,chemistry,vitamin,1
1964,chemistry,b12,1
1965,chemistry,total,1
1965,chemistry,synthesis,1
1965,chemistry,steroids1,1
1966,chemistry,electronic,1
1966,chemistry,population,1
1966,chemistry,analysis,1
1966,chemistry,lcao,1
1966,chemistry,mo,1
1966,chemistry,molecular,1
1966,chemistry,wave,1
1966,chemistry,functions,1
1967,chemistry,chemical,2
1967,chemistry,reactions,2
1967,chemistry,produced,2
1967,chemistry,high,2
1967,chemistry,light,2
1967,chemistry,intensities,2
1967,chemistry,uber,1
1967,chemistry,die,1
1967,chemistry,kinetik,1
1967,chemistry,sehr,1
1967,chemistry,schnell,1
1967,chemistry,verlaufender,1
1967,chemistry,ionenreaktionen,1
1967,chemistry,wasseriger,1
1967,chemistry,losung,1
1968,chemistry,reciprocal,1
1968,chemistry,relations,1
1968,chemistry,irreversible,1
1968,chemistry,processes,1
1969,chemistry,principles,1
1969,chemistry,conformational,1
1969,chemistry,analysis,1
1969,chemistry,structure,1
1969,chemistry,molecules,1
1969,chemistry,containing,1
1969,chemistry,cyclohexane,1
1969,chemistry,pyranose,1
1969,chemistry,rings,1
1970,chemistry,modified,1
1970,chemistry,colorimetric,1
1970,chemistry,method,1
1970,chemistry,estimation,1
1970,chemistry,n,1
1970,chemistry,acetylamino,1
1970,chemistry,sugars,1
1971,chemistry,spectrum,1
1971,chemistry,structure,1
1971,chemistry,singlet,1
1971,chemistry,ch,1
1972,chemistry,kinetics,1
1972,chemistry,formation,1
1972,chemistry,native,1
1972,chemistry,ribonuclease,1
1972,chemistry,oxidation,1
1972,chemistry,reduced,1
1972,chemistry,polypeptide,1
1972,chemistry,chain,1
1972,chemistry,chromatography,2
1972,chemistry,amino,2
1972,chemistry,acids,2
1972,chemistry,sulfonated,1
1972,chemistry,polystyrene,1
1972,chemistry,resins,1
1972,chemistry,improved,1
1972,chemistry,system,1
1972,chemistry,automatic,1
1972,chemistry,recording,1
1972,chemistry,apparatus,1
1972,chemistry,use,1
1973,chemistry,structure,1
1973,chemistry,iron,1
1973,chemistry,bis,1
1973,chemistry,cyclopentadienyl,1
1973,chemistry,cyclopentadien,1
1973,chemistry,metallkomplexe,1
1973,chemistry,ein,1
1973,chemistry,neuer,1
1973,chemistry,typ,1
1973,chemistry,metallorganischer,1
1973,chemistry,verbindungen,1
1974,chemistry,mechanism,1
1974,chemistry,vinyl,1
1974,chemistry,polymerizations1,1
1975,chemistry,specification,1
1975,chemistry,molecular,1
1975,chemistry,chirality,1
1975,chemistry,studies,1
1975,chemistry,biosynthesis,2
1975,chemistry,cholesterol,1
1975,chemistry,xvi,1
1975,chemistry,chemical,1
1975,chemistry,synthesis,1
1975,chemistry,h2,1
1975,chemistry,14,2
1975,chemistry,d2,1
1975,chemistry,trans,2
1975,chemistry,farnesyl,1
1975,chemistry,pyrophosphate,1
1975,chemistry,utilization,1
1975,chemistry,squalene,1
1976,chemistry,theory,1
1976,chemistry,polyhedral,1
1976,chemistry,molecules,1
1976,chemistry,population,1
1976,chemistry,analyses,1
1976,chemistry,reactivities,1
1976,chemistry,carboranes,1
1977,chemistry,dynamical,1
1977,chemistry,statistical,1
1977,chemistry,descriptions,1
1977,chemistry,n,1
1977,chemistry,body,1
1977,chemistry,systems,1
1978,chemistry,coupling,1
1978,chemistry,phosphorylation,1
1978,chemistry,electron,1
1978,chemistry,hydrogen,1
1978,chemistry,transfer,1
1978,chemistry,chemi-osmotic,1
1978,chemistry,type,1
1978,chemistry,mechanism,1
1979,chemistry,uber,1
1979,chemistry,triphenyl,1
1979,chemistry,phosphin,1
1979,chemistry,methylene,1
1979,chemistry,als,1
1979,chemistry,olefinbildende,1
1979,chemistry,reagenzien,1
1979,chemistry,mitteil,1
1979,chemistry,directive,1
1979,chemistry,effects,1
1979,chemistry,aromatic,1
1979,chemistry,substitution,1
1979,chemistry,.30.,1
1979,chemistry,electrophilic,1
1979,chemistry,substituent,1
1979,chemistry,constants,1
1980,chemistry,new,1
1980,chemistry,method,1
1980,chemistry,sequencing,1
1980,chemistry,DNA,2
1980,chemistry,disulphide,1
1980,chemistry,bonds,1
1980,chemistry,insulin,1
1980,chemistry,labeling,1
1980,chemistry,deoxyribonucleic,1
1980,chemistry,acid,1
1980,chemistry,high,1
1980,chemistry,specific,1
1980,chemistry,activity,1
1980,chemistry,vitro,1
1980,chemistry,nick,1
1980,chemistry,translation,1
1980,chemistry,polymerase,1
1981,chemistry,molecular,1
1981,chemistry,orbital,1
1981,chemistry,theory,1
1981,chemistry,reactivity,1
1981,chemistry,aromatic,1
1981,chemistry,hydrocarbons,1
1981,chemistry,selection,1
1981,chemistry,rules,1
1981,chemistry,sigmatropic,1
1981,chemistry,reactions,1
1982,chemistry,physical,1
1982,chemistry,principles,1
1982,chemistry,construction,1
1982,chemistry,regular,1
1982,chemistry,viruses,1
1983,chemistry,rates,1
1983,chemistry,mechanisms,1
1983,chemistry,substitution,1
1983,chemistry,inorganic,1
1983,chemistry,complexes,1
1983,chemistry,solution,1
1984,chemistry,solid,1
1984,chemistry,phase,1
1984,chemistry,peptide,1
1984,chemistry,synthesis,2
1984,chemistry,tetrapeptide,1
1985,chemistry,theory,2
1985,chemistry,phase,2
1985,chemistry,determination,2
1985,chemistry,four,2
1985,chemistry,types,2
1985,chemistry,non,2
1985,chemistry,centrosymmetric,2
1985,chemistry,space,2
1985,chemistry,groups,2
1985,chemistry,1p222,2
1985,chemistry,2p22,2
1985,chemistry,3p12,2
1985,chemistry,3p22,2
1986,chemistry,concepts,1
1986,chemistry,reaction,1
1986,chemistry,dynamics,1
1986,chemistry,combination,1
1986,chemistry,rules,1
1986,chemistry,van,1
1986,chemistry,waals,1
1986,chemistry,force,1
1986,chemistry,constants,1
1986,chemistry,molecular,1
1986,chemistry,beam,1
1986,chemistry,reactive,1
1986,chemistry,scattering,1
1986,chemistry,apparatus,1
1986,chemistry,electron,1
1986,chemistry,bombardment,1
1986,chemistry,detector,1
1987,chemistry,studies,1
1987,chemistry,stereochemistry,1
1987,chemistry,rule,1
1987,chemistry,steric,1
1987,chemistry,control,1
1987,chemistry,asymmetric,1
1987,chemistry,induction,1
1987,chemistry,syntheses,1
1987,chemistry,acyclic,1
1987,chemistry,systems,1
1987,chemistry,diaza,1
1987,chemistry,polyoxa,1
1987,chemistry,macrocycles,1
1987,chemistry,et,1
1987,chemistry,macrobicycles,1
1987,chemistry,cyclic,1
1987,chemistry,polyethers,1
1987,chemistry,complexes,1
1987,chemistry,metal,1
1987,chemistry,salts,1
1988,chemistry,structure,3
1988,chemistry,protein,3
1988,chemistry,subunits,3
1988,chemistry,photosynthetic,3
1988,chemistry,reaction,3
1988,chemistry,centre,3
1988,chemistry,rhodopseudomonas,3
1988,chemistry,viridis,3
1988,chemistry,3a,3
1988,chemistry,resolution,3
1989,chemistry,self,1
1989,chemistry,splicing,1
1989,chemistry,RNA,3
1989,chemistry,autoexcision,1
1989,chemistry,autocyclization,1
1989,chemistry,ribosomal,1
1989,chemistry,intervening,1
1989,chemistry,sequence,1
1989,chemistry,tetrahymena,1
1989,chemistry,moiety,1
1989,chemistry,ribonuclease,1
1989,chemistry,p,1
1989,chemistry,catalytic,1
1989,chemistry,subunit,1
1989,chemistry,enzyme,1
1990,chemistry,stereochemistry,1
1990,chemistry,complex,2
1990,chemistry,inorganic,1
1990,chemistry,compounds,1
1990,chemistry,xxii,1
1990,chemistry,stereospecific,1
1990,chemistry,effects,1
1990,chemistry,ions1,1
1991,chemistry,investigation,1
1991,chemistry,exchange,1
1991,chemistry,processes,1
1991,chemistry,dimensional,1
1991,chemistry,nmr,1
1991,chemistry,spectroscopy,1
1992,chemistry,theory,1
1992,chemistry,oxidation,1
1992,chemistry,reduction,1
1992,chemistry,reactions,1
1992,chemistry,involving,1
1992,chemistry,electron,1
1992,chemistry,transfer,1
1993,chemistry,oligonucleotide,1
1993,chemistry,directed,1
1993,chemistry,mutagenesis,1
1993,chemistry,using,1
1993,chemistry,m13,1
1993,chemistry,derived,1
1993,chemistry,vectors,1
1993,chemistry,efficient,1
1993,chemistry,general,1
1993,chemistry,procedure,1
1993,chemistry,production,1
1993,chemistry,point,1
1993,chemistry,mutations,1
1993,chemistry,fragment,1
1993,chemistry,DNA,1
1993,chemistry,enzymatic,1
1993,chemistry,amplification,1
1993,chemistry,beta,1
1993,chemistry,globin,1
1993,chemistry,genomic,1
1993,chemistry,sequences,1
1993,chemistry,restriction,1
1993,chemistry,site,1
1993,chemistry,analysis,1
1993,chemistry,diagnosis,1
1993,chemistry,sickle,1
1993,chemistry,cell,1
1993,chemistry,anemia,1
1994,chemistry,stable,1
1994,chemistry,carbonium,1
1994,chemistry,ions,1
1994,chemistry,1aoxocarbonium1b,1
1994,chemistry,acylium,1
1994,chemistry,tetrafluoroborates,1
1994,chemistry,hexafluorophosphates,1
1994,chemistry,hexafluoroantimonates,1
1994,chemistry,hexafluoroarsenates,1
1994,chemistry,structure,1
1994,chemistry,chemical,1
1994,chemistry,reactivity,1
1994,chemistry,acyl,1
1994,chemistry,fluoride,2
1994,chemistry,lewis,1
1994,chemistry,acid,1
1994,chemistry,complexes1c,1
1995,chemistry,stratospheric,2
1995,chemistry,sink,2
1995,chemistry,chlorofluoromethanes,2
1995,chemistry,chlorine,2
1995,chemistry,atomc,2
1995,chemistry,atalysed,2
1995,chemistry,destruction,2
1995,chemistry,ozone,3
1995,chemistry,influence,1
1995,chemistry,nitrogen,1
1995,chemistry,oxides,1
1995,chemistry,atmospheric,1
1995,chemistry,content,1
1996,chemistry,60,3
1996,chemistry,buckminsterfullerene,3
1997,chemistry,spectrophotometric,1
1997,chemistry,study,1
1997,chemistry,reaction,1
1997,chemistry,protein,1
1997,chemistry,sulfhydryl,1
1997,chemistry,groups,1
1997,chemistry,organic,1
1997,chemistry,mercurials,1
1997,chemistry,structure,1
1997,chemistry,8,1
1997,chemistry,resolution,1
1997,chemistry,f1,1
1997,chemistry,atpase,1
1997,chemistry,bovine,1
1997,chemistry,heart,1
1997,chemistry,mitochondria,1
1997,chemistry,influence,1
1997,chemistry,cations,1
1997,chemistry,adenosine,1
1997,chemistry,triphosphatase,1
1997,chemistry,peripheral,1
1997,chemistry,nerves,1
1998,chemistry,influence,1
1998,chemistry,polarization,1
1998,chemistry,functions,1
1998,chemistry,molecular,1
1998,chemistry,orbital,1
1998,chemistry,hydrogenation,1
1998,chemistry,energies,1
1998,chemistry,self,1
1998,chemistry,consistent,1
1998,chemistry,equations,1
1998,chemistry,including,1
1998,chemistry,exchange,1
1998,chemistry,correlation,1
1998,chemistry,effects,1
1999,chemistry,femtosecond,1
1999,chemistry,real,1
1999,chemistry,time,1
1999,chemistry,observation,1
1999,chemistry,wave,1
1999,chemistry,packet,1
1999,chemistry,oscillations,1
1999,chemistry,resonance,1
1999,chemistry,dissociation,1
1999,chemistry,reactions,1
2000,chemistry,synthesis,3
2000,chemistry,electrically,3
2000,chemistry,conducting,3
2000,chemistry,organic,3
2000,chemistry,polymers,3
2000,chemistry,halogen,3
2000,chemistry,derivatives,3
2000,chemistry,polyacetylene,3
2000,chemistry,ch,3
2001,chemistry,homogeneous,1
2001,chemistry,catalysis,1
2001,chemistry,decomposition,1
2001,chemistry,diazo,1
2001,chemistry,compounds,1
2001,chemistry,copper,1
2001,chemistry,chelates,1
2001,chemistry,asymmetric,3
2001,chemistry,carbenoid,1
2001,chemistry,reactions,1
2001,chemistry,catalytic,1
2001,chemistry,hydrogenation,1
2001,chemistry,employing,1
2001,chemistry,soluble,1
2001,chemistry,optically,1
2001,chemistry,active,1
2001,chemistry,rhodium,1
2001,chemistry,complex,1
2001,chemistry,first,1
2001,chemistry,practical,1
2001,chemistry,method,1
2001,chemistry,epoxidation,1
2002,chemistry,solution,1
2002,chemistry,conformation,1
2002,chemistry,proteinase,1
2002,chemistry,inhibitor,1
2002,chemistry,iia,1
2002,chemistry,bull,1
2002,chemistry,seminal,1
2002,chemistry,plasma,1
2002,chemistry,1h,1
2002,chemistry,nuclear,1
2002,chemistry,magnetic,1
2002,chemistry,resonance,1
2002,chemistry,distance,1
2002,chemistry,geometry,1
2002,chemistry,protein,1
2002,chemistry,polymer,1
2002,chemistry,analyses,1
2002,chemistry,m/z,1
2002,chemistry,100,1
2002,chemistry,000,1
2002,chemistry,laser,1
2002,chemistry,ionization,2
2002,chemistry,timeofflight,1
2002,chemistry,mass,2
2002,chemistry,spectrometry,2
2002,chemistry,electrospray,1
2002,chemistry,large,1
2002,chemistry,biomolecules,1
2003,chemistry,appearance,1
2003,chemistry,water,2
2003,chemistry,channels,1
2003,chemistry,xenopus,1
2003,chemistry,oocytes,1
2003,chemistry,expressing,1
2003,chemistry,red,1
2003,chemistry,cell,1
2003,chemistry,chip28,1
2003,chemistry,channel,2
2003,chemistry,structure,1
2003,chemistry,potassium,1
2003,chemistry,molecular,1
2003,chemistry,basis,1
2003,chemistry,k,1
2003,chemistry,conduction,1
2003,chemistry,selectivity,1
2004,chemistry,ATP,4
2004,chemistry,dependent,3
2004,chemistry,conjugation,3
2004,chemistry,reticulocyte,2
2004,chemistry,proteins,2
2004,chemistry,polypeptide,3
2004,chemistry,required,2
2004,chemistry,protein,4
2004,chemistry,degradation,2
2004,chemistry,proposed,1
2004,chemistry,role,1
2004,chemistry,breakdown,1
2004,chemistry,multiple,1
2004,chemistry,chains,1
2004,chemistry,proteolysis,1
2005,chemistry,catalyse,1
2005,chemistry,de,1
2005,chemistry,transformation,1
2005,chemistry,des,2
2005,chemistry,olefines,3
2005,chemistry,par,1
2005,chemistry,les,1
2005,chemistry,complexes,2
2005,chemistry,du,1
2005,chemistry,tungstene,1
2005,chemistry,telomerisation,1
2005,chemistry,cycliques,1
2005,chemistry,en,1
2005,chemistry,presence,1
2005,chemistry,acycliques,1
2005,chemistry,syntheses,1
2005,chemistry,activities,1
2005,chemistry,new,1
2005,chemistry,single,1
2005,chemistry,component,1
2005,chemistry,ruthenium,1
2005,chemistry,based,1
2005,chemistry,olefin,1
2005,chemistry,metathesis,2
2005,chemistry,catalysts,1
2005,chemistry,living,1
2005,chemistry,ring,1
2005,chemistry,opening,1
2005,chemistry,polymerization,1
2005,chemistry,catalyzed,1
2005,chemistry,well,1
2005,chemistry,characterized,1
2005,chemistry,transition,1
2005,chemistry,metal,1
2005,chemistry,alkylidene,1
2006,chemistry,chromatin,1
2006,chemistry,structure,1
2006,chemistry,repeating,1
2006,chemistry,unit,1
2006,chemistry,histones,1
2006,chemistry,DNA,1
2007,chemistry,chemisorption,1
2007,chemistry,co,1
2007,chemistry,pt,1
2007,chemistry,surface,1
2008,chemistry,green,2
2008,chemistry,fluorescent,2
2008,chemistry,protein,3
2008,chemistry,marker,1
2008,chemistry,gene,1
2008,chemistry,expression,1
2008,chemistry,crystal,1
2008,chemistry,structure,1
2008,chemistry,aequorea,2
2008,chemistry,victoria,1
2008,chemistry,extraction,1
2008,chemistry,purification,1
2008,chemistry,properties,1
2008,chemistry,aequorin,1
2008,chemistry,bioluminescent,1
2008,chemistry,luminous,1
2008,chemistry,hydromedusan,1
2009,chemistry,functional,1
2009,chemistry,insights,1
2009,chemistry,structure,2
2009,chemistry,30s,1
2009,chemistry,ribosomal,2
2009,chemistry,subunit,2
2009,chemistry,interactions,1
2009,chemistry,antibiotics,1
2009,chemistry,structural,1
2009,chemistry,basis,1
2009,chemistry,ribosome,1
2009,chemistry,activity,1
2009,chemistry,peptide,1
2009,chemistry,bond,1
2009,chemistry,synthesis,1
2009,chemistry,functionally,1
2009,chemistry,activated,1
2009,chemistry,small,1
2009,chemistry,resolution,1
2010,chemistry,arylation,1
2010,chemistry,allylic,1
2010,chemistry,alcohols,1
2010,chemistry,organopalladium,1
2010,chemistry,compounds,1
2010,chemistry,new,2
2010,chemistry,synthesis,1
2010,chemistry,aryl,3
2010,chemistry,aldehydes,1
2010,chemistry,ketones,1
2010,chemistry,novel,1
2010,chemistry,stereoselective,1
2010,chemistry,alkenyl,2
2010,chemistry,coupling,2
2010,chemistry,via,1
2010,chemistry,nickel,1
2010,chemistry,catalysed,1
2010,chemistry,reaction,2
2010,chemistry,alkenylanes,1
2010,chemistry,halides,2
2010,chemistry,stereospecific,1
2010,chemistry,cross,1
2010,chemistry,palladium,1
2010,chemistry,catalyzed,1
2010,chemistry,alkenylboranes,1
2010,chemistry,alkynyl,1
2011,chemistry,metallic,1
2011,chemistry,phase,1
2011,chemistry,long,1
2011,chemistry,range,1
2011,chemistry,orientational,1
2011,chemistry,order,1
2011,chemistry,translational,1
2011,chemistry,symmetry,1
2012,chemistry,cloning,2
2012,chemistry,gene,2
2012,chemistry,cdna,2
2012,chemistry,mammalian,2
2012,chemistry,adrenergic,2
2012,chemistry,receptor,2
2012,chemistry,homology,2
2012,chemistry,rhodopsin,2
2013,chemistry,theoretical,2
2013,chemistry,studies,2
2013,chemistry,enzymic,2
2013,chemistry,reactions,2
2013,chemistry,dielectric,2
2013,chemistry,electrostatic,2
2013,chemistry,steric,2
2013,chemistry,stabilization,2
2013,chemistry,carbonium,2
2013,chemistry,ion,2
2013,chemistry,reaction,2
2013,chemistry,lysozyme,2
2013,chemistry,calculation,1
2013,chemistry,ground,1
2013,chemistry,excited,1
2013,chemistry,state,1
2013,chemistry,potential,1
2013,chemistry,surfaces,1
2013,chemistry,conjugated,1
2013,chemistry,molecules,1
2013,chemistry,formulation,1
2013,chemistry,parametrization,1
2014,chemistry,single,3
2014,chemistry,photons,1
2014,chemistry,demand,1
2014,chemistry,molecule,1
2014,chemistry,room,1
2014,chemistry,temperature,1
2014,chemistry,molecules,1
2014,chemistry,observed,1
2014,chemistry,near,1
2014,chemistry,field,1
2014,chemistry,scanning,1
2014,chemistry,optical,1
2014,chemistry,microscopy,2
2014,chemistry,breaking,1
2014,chemistry,diffraction,1
2014,chemistry,resolution,1
2014,chemistry,limit,1
2014,chemistry,stimulated,2
2014,chemistry,emission,2
2014,chemistry,depletion,1
2014,chemistry,fluorescence,1
2015,chemistry,DNA,3
2015,chemistry,mismatch,1
2015,chemistry,correction,1
2015,chemistry,defined,1
2015,chemistry,system,1
2015,chemistry,n,1
2015,chemistry,glycosidase,1
2015,chemistry,escherichia,2
2015,chemistry,coli,2
2015,chemistry,releases,1
2015,chemistry,free,1
2015,chemistry,uracil,1
2015,chemistry,containing,1
2015,chemistry,deaminated,1
2015,chemistry,cytosine,1
2015,chemistry,residues,1
2015,chemistry,novel,1
2015,chemistry,repair,1
2015,chemistry,enzyme,1
2015,chemistry,uvrabc,1
2015,chemistry,excision,1
2015,chemistry,nuclease,1
2015,chemistry,cuts,1
2015,chemistry,strand,1
2015,chemistry,sides,1
2015,chemistry,damaged,1
2015,chemistry,region,1
2016,chemistry,molecular,2
2016,chemistry,shuttle,1
2016,chemistry,light,1
2016,chemistry,driven,1
2016,chemistry,monodirectional,1
2016,chemistry,rotor,1
2016,chemistry,une,1
2016,chemistry,nouvelle,1
2016,chemistry,famille,1
2016,chemistry,de,1
2016,chemistry,molecules,1
2016,chemistry,les,1
2016,chemistry,metallo,1
2016,chemistry,catenanes,1
1912,medicine,surgery,1
1912,medicine,blood,1
1912,medicine,vessels,1
1913,medicine,physiological,1
1913,medicine,effects,1
1913,medicine,poison,1
1913,medicine,fisher,1
1913,medicine,strands,1
1913,medicine,tentacles,1
1913,medicine,coelenterata,1
1913,medicine,hypnotoxin,1
1920,medicine,supply,1
1920,medicine,oxygen,1
1920,medicine,tissues,1
1920,medicine,regulation,1
1920,medicine,capillary,1
1920,medicine,circulation,1
1922,medicine,uber,1
1922,medicine,die,1
1922,medicine,atmung,1
1922,medicine,froschmuskulatur,1
1922,medicine,combinations,1
1922,medicine,haemoglobin,1
1922,medicine,oxygen,1
1922,medicine,carbon,1
1922,medicine,monoxide,1
1923,medicine,internal,2
1923,medicine,secretion,2
1923,medicine,pancreas,2
1924,medicine,ein,1
1924,medicine,neues,1
1924,medicine,galvanometer,1
1928,medicine,experiemntal,1
1928,medicine,transmission,1
1928,medicine,exanthematic,1
1928,medicine,typhus,1
1928,medicine,body,1
1928,medicine,louse,1
1929,medicine,feeding,1
1929,medicine,experiments,1
1929,medicine,illustrating,1
1929,medicine,importance,1
1929,medicine,accessory,1
1929,medicine,factors,1
1929,medicine,normal,1
1929,medicine,dietaries,1
1931,medicine,uber,1
1931,medicine,die,1
1931,medicine,geschwindigkeit,1
1931,medicine,photochemischen,1
1931,medicine,kohlensaurezersetzung,1
1931,medicine,lebenden,1
1931,medicine,zellen,1
1932,medicine,discharge,2
1932,medicine,impulses,1
1932,medicine,motor,1
1932,medicine,nerve,1
1932,medicine,fibres,1
1932,medicine,part,1
1932,medicine,frequency,1
1932,medicine,reflex,1
1932,medicine,voluntary,1
1932,medicine,contractions,1
1933,medicine,sex,1
1933,medicine,limited,1
1933,medicine,inheritance,1
1933,medicine,drosophila,1
1934,medicine,diet,2
1934,medicine,rich,2
1934,medicine,liver,2
1934,medicine,treatment,2
1934,medicine,pernicious,2
1934,medicine,anemia,2
1934,medicine,study,2
1934,medicine,one,2
1934,medicine,hundred,2
1934,medicine,five,2
1934,medicine,cases,2
1934,medicine,blood,2
1934,medicine,volume,1
1934,medicine,studies,1
1934,medicine,behavior,1
1934,medicine,large,1
1934,medicine,series,1
1934,medicine,dyes,1
1934,medicine,introduced,1
1934,medicine,circulating,1
1935,medicine,uber,1
1935,medicine,induktion,1
1935,medicine,von,1
1935,medicine,embryonalanlagen,1
1935,medicine,durch,1
1935,medicine,implantation,1
1935,medicine,artfremder,1
1935,medicine,organisatoren,1
1936,medicine,action,1
1936,medicine,certain,1
1936,medicine,esters,1
1936,medicine,ethers,1
1936,medicine,choline,1
1936,medicine,relation,1
1936,medicine,muscarine,1
1936,medicine,uber,1
1936,medicine,humorale,1
1936,medicine,ubertragbarkeit,1
1936,medicine,herznervenwirkung,1
1937,medicine,hexuronic,1
1937,medicine,acid,1
1937,medicine,antiscorbutic,1
1937,medicine,factor,1
1938,medicine,mechanism,1
1938,medicine,bradycardia,2
1938,medicine,caused,1
1938,medicine,nicotine,1
1938,medicine,lobeline,1
1938,medicine,cyanine,1
1938,medicine,sodium,1
1938,medicine,sulphur,1
1938,medicine,nitrite,1
1938,medicine,morphine,1
1938,medicine,asphyctic,1
1939,medicine,eine,1
1939,medicine,neue,1
1939,medicine,klasse,1
1939,medicine,von,1
1939,medicine,desinfektionsmitteln,1
1943,medicine,isolation,1
1943,medicine,vitamins,1
1943,medicine,antihaemorrhagic,1
1943,medicine,vitamin,1
1943,medicine,chick,1
1943,medicine,occurrence,1
1943,medicine,chemical,1
1943,medicine,nature,1
1944,medicine,role,2
1944,medicine,played,2
1944,medicine,sizes,2
1944,medicine,constituent,2
1944,medicine,fibers,2
1944,medicine,nerve,2
1944,medicine,trunk,2
1944,medicine,determining,2
1944,medicine,form,2
1944,medicine,action,2
1944,medicine,potential,2
1944,medicine,wave,2
1945,medicine,penicillin,2
1945,medicine,chemotherapeutic,2
1945,medicine,agent,2
1945,medicine,antibacterial,1
1945,medicine,action,1
1945,medicine,cultures,1
1945,medicine,penicillium,1
1945,medicine,special,1
1945,medicine,reference,1
1945,medicine,use,1
1945,medicine,isolation,1
1945,medicine,influenzae,1
1946,medicine,production,1
1946,medicine,mutations,1
1946,medicine,rays,1
1947,medicine,glycogen,2
1947,medicine,formation,2
1947,medicine,liver,2
1947,medicine,l,2
1947,medicine,lactic,2
1947,medicine,acid,2
1947,medicine,thyroid,1
1947,medicine,metathyroid,1
1947,medicine,diabetes,1
1948,medicine,constitution,1
1948,medicine,toxic,1
1948,medicine,effect,1
1948,medicine,natural,1
1948,medicine,new,1
1948,medicine,synthetic,1
1948,medicine,insect,1
1948,medicine,killing,1
1948,medicine,substances,1
1949,medicine,hypothalamus,1
1949,medicine,und,1
1949,medicine,die,1
1949,medicine,zentren,1
1949,medicine,des,1
1949,medicine,autonomen,1
1949,medicine,nervensystems,1
1949,medicine,physiologie,1
1949,medicine,prefrontal,1
1949,medicine,leucotomy,1
1949,medicine,treatment,1
1949,medicine,mental,1
1949,medicine,disorders,1
1950,medicine,atrophy,1
1950,medicine,adrenal,2
1950,medicine,cortex,2
1950,medicine,rat,1
1950,medicine,produced,1
1950,medicine,administration,1
1950,medicine,large,1
1950,medicine,amounts,1
1950,medicine,cortin,1
1950,medicine,desoxy,1
1950,medicine,cortico,1
1950,medicine,steron,1
1950,medicine,21,1
1950,medicine,oxy,2
1950,medicine,progesteron,1
1950,medicine,aus,1
1950,medicine,atio,1
1950,medicine,cholensaure,1
1950,medicine,effect,1
1950,medicine,hormone,2
1950,medicine,17-hydroxy-11-dehydrocorticosterone,1
1950,medicine,compound-e,1
1950,medicine,pituitary,1
1950,medicine,adrenocorticotropic,1
1950,medicine,rheumatoid,1
1950,medicine,arthritis,1
1950,medicine,preliminary,1
1950,medicine,report,1
1951,medicine,spontaneous,1
1951,medicine,encephalomyelitis,1
1951,medicine,mice,1
1951,medicine,new,1
1951,medicine,virus,1
1951,medicine,disease,1
1952,medicine,bacteriostatic,1
1952,medicine,bactericidal,1
1952,medicine,substances,1
1952,medicine,produced,1
1952,medicine,soil,1
1952,medicine,actinomyces,1
1953,medicine,specific,1
1953,medicine,micromethod,1
1953,medicine,determination,1
1953,medicine,acyl,1
1953,medicine,phosphates,1
1953,medicine,metabolism,1
1953,medicine,ketonic,1
1953,medicine,acids,1
1953,medicine,animal,1
1953,medicine,tissues,1
1954,medicine,cultivation,3
1954,medicine,lansing,3
1954,medicine,strain,3
1954,medicine,poliomyelitis,3
1954,medicine,virus,3
1954,medicine,cultures,3
1954,medicine,various,3
1954,medicine,human,3
1954,medicine,embryonic,3
1954,medicine,tissues,3
1955,medicine,yellow,1
1955,medicine,oxidation-enzyme,1
1956,medicine,comparison,2
1956,medicine,fick,2
1956,medicine,dye,2
1956,medicine,injection,2
1956,medicine,methods,2
1956,medicine,measuring,2
1956,medicine,cardiac,2
1956,medicine,output,2
1956,medicine,man,2
1957,medicine,protective,1
1957,medicine,effect,1
1957,medicine,phenolic,1
1957,medicine,ethers,1
1957,medicine,course,1
1957,medicine,histaminic,1
1957,medicine,intoxication,1
1958,medicine,gene,1
1958,medicine,recombination,1
1958,medicine,escherichia,1
1958,medicine,coli,1
1958,medicine,genetic,2
1958,medicine,control,2
1958,medicine,biochemical,2
1958,medicine,reactions,2
1958,medicine,neurospora,2
1959,medicine,enzymatic,1
1959,medicine,synthesis,1
1959,medicine,deoxyribonucleic,1
1959,medicine,acid,1
1959,medicine,preparation,1
1959,medicine,substrates,1
1959,medicine,partial,1
1959,medicine,purification,1
1959,medicine,enzyme,2
1959,medicine,escherichia,1
1959,medicine,coli,1
1959,medicine,124,1
1959,medicine,malic,1
1960,medicine,technique,1
1960,medicine,free,1
1960,medicine,skin,1
1960,medicine,grafting,1
1960,medicine,mammals,1
1960,medicine,failure,1
1960,medicine,antibody,1
1960,medicine,production,1
1960,medicine,chick,1
1960,medicine,embryo,1
1961,medicine,new,1
1961,medicine,audiometer,1
1962,medicine,molecular,2
1962,medicine,structure,4
1962,medicine,deoxypentose,1
1962,medicine,nucleic,3
1962,medicine,acids,2
1962,medicine,DNA,1
1962,medicine,deoxyribose,1
1962,medicine,acid,1
1963,medicine,recording,1
1963,medicine,potentials,1
1963,medicine,motoneurones,1
1963,medicine,intracellular,1
1963,medicine,electrode,1
1963,medicine,quantitative,2
1963,medicine,description,2
1963,medicine,membrane,2
1963,medicine,current,2
1963,medicine,application,2
1963,medicine,conduction,2
1963,medicine,excitation,2
1963,medicine,nerve,2
1964,medicine,enzymes,1
1964,medicine,fatty,1
1964,medicine,acid,2
1964,medicine,metabolism,1
1964,medicine,biological,1
1964,medicine,conversion,1
1964,medicine,cholesterol,1
1964,medicine,cholic,1
1965,medicine,genetic,1
1965,medicine,regulatory,1
1965,medicine,mechanisms,2
1965,medicine,synthesis,1
1965,medicine,proteins,1
1965,medicine,induction,1
1965,medicine,bacteriophage,1
1965,medicine,production,1
1965,medicine,bacterium,1
1965,medicine,general,1
1965,medicine,conclusions,1
1965,medicine,teleonomic,1
1965,medicine,cellular,1
1965,medicine,metabolism,1
1965,medicine,growth,1
1965,medicine,differentiation,1
1966,medicine,studies,1
1966,medicine,prostatic,1
1966,medicine,cancer,1
1966,medicine,effect,1
1966,medicine,castration,1
1966,medicine,estrogen,1
1966,medicine,androgen,1
1966,medicine,injection,1
1966,medicine,serum,1
1966,medicine,phosphatases,1
1966,medicine,metastatic,1
1966,medicine,carcinoma,1
1966,medicine,prostate,1
1966,medicine,sarcoma,1
1966,medicine,fowl,1
1966,medicine,transmissible,1
1966,medicine,agent,1
1966,medicine,separable,1
1966,medicine,tumor,1
1966,medicine,cells,1
1967,medicine,components,1
1967,medicine,retinal,1
1967,medicine,action,1
1967,medicine,potential,1
1967,medicine,mammals,1
1967,medicine,relation,1
1967,medicine,discharge,1
1967,medicine,optic,1
1967,medicine,nerve,1
1967,medicine,peripheral,1
1967,medicine,origin,1
1967,medicine,nervous,1
1967,medicine,activity,1
1967,medicine,visual,1
1967,medicine,system,1
1967,medicine,molar,1
1967,medicine,extinction,1
1967,medicine,rhodopsin,1
1968,medicine,dependence,1
1968,medicine,cell,1
1968,medicine,free,1
1968,medicine,protein,1
1968,medicine,synthesis,2
1968,medicine,coli,1
1968,medicine,upon,1
1968,medicine,naturally,1
1968,medicine,occuring,1
1968,medicine,synthetic,1
1968,medicine,polyribonucleotides,1
1968,medicine,studies,1
1968,medicine,polynucleotides,1
1968,medicine,xiv,1
1968,medicine,1specific,1
1968,medicine,c3,1
1968,medicine,c5,1
1968,medicine,interribonucleotide,1
1968,medicine,linkage,1
1968,medicine,syntheses,1
1968,medicine,uridylyl,2
1968,medicine,uridine,1
1968,medicine,adenosine2,1
1968,medicine,structure,1
1968,medicine,ribonucleic,1
1968,medicine,acid,1
1969,medicine,mutations,2
1969,medicine,bacteria,2
1969,medicine,virus,4
1969,medicine,sensitivity,2
1969,medicine,resistance,2
1969,medicine,independent,1
1969,medicine,functions,1
1969,medicine,viral,1
1969,medicine,protein,1
1969,medicine,nucleic,1
1969,medicine,acid,1
1969,medicine,growth,1
1969,medicine,bacteriophage,1
1970,medicine,evidence,1
1970,medicine,presence,1
1970,medicine,noradrenaline,1
1970,medicine,submicroscopic,1
1970,medicine,structures,1
1970,medicine,adrenergic,1
1970,medicine,axons,1
1970,medicine,methylation,1
1970,medicine,epinephrine,1
1970,medicine,catechols,1
1970,medicine,vitro,1
1970,medicine,vivo,1
1970,medicine,analysis,1
1970,medicine,end,1
1970,medicine,plate,1
1970,medicine,potential,1
1970,medicine,recorded,1
1970,medicine,intra,1
1970,medicine,cellular,1
1970,medicine,electrode,1
1971,medicine,adenosine,2
1971,medicine,phosphate,2
1971,medicine,biological,1
1971,medicine,materials,1
1971,medicine,purification,1
1971,medicine,properties,1
1971,medicine,cyclic,1
1971,medicine,nucleotide,1
1971,medicine,phosphodiesterase,1
1971,medicine,use,1
1971,medicine,enzyme,1
1971,medicine,characterize,1
1971,medicine,human,1
1971,medicine,urine,1
1972,medicine,dissociation,1
1972,medicine,globulin,2
1972,medicine,hydrolysis,1
1972,medicine,rabbit,1
1972,medicine,antibodies,1
1972,medicine,crystalline,1
1972,medicine,papain,1
1973,medicine,aus,1
1973,medicine,dem,1
1973,medicine,leben,1
1973,medicine,bienen,1
1973,medicine,companion,1
1973,medicine,bird,1
1973,medicine,'s,1
1973,medicine,world,1
1974,medicine,tissue,2
1974,medicine,fractionation,1
1974,medicine,studies,1
1974,medicine,4,1
1974,medicine,comparative,1
1974,medicine,study,2
1974,medicine,binding,1
1974,medicine,acid,1
1974,medicine,phosphatase,1
1974,medicine,glucuronidase,1
1974,medicine,cathepsin,1
1974,medicine,rat,1
1974,medicine,liver,1
1974,medicine,particles,1
1974,medicine,fine,1
1974,medicine,structure,1
1974,medicine,neurons,1
1974,medicine,culture,1
1974,medicine,cells,1
1974,medicine,electron,1
1974,medicine,microscopy,1
1974,medicine,methods,1
1974,medicine,preliminary,1
1974,medicine,observations,1
1975,medicine,viral,2
1975,medicine,RNA,5
1975,medicine,dependent,4
1975,medicine,DNA,4
1975,medicine,polymerase,4
1975,medicine,virions,2
1975,medicine,tumour,1
1975,medicine,viruses,2
1975,medicine,rous,1
1975,medicine,sarcoma,1
1975,medicine,virus,1
1975,medicine,plaque,1
1975,medicine,formation,1
1975,medicine,isolation,1
1975,medicine,pure,1
1975,medicine,lines,1
1975,medicine,poliomyelitis,1
1976,medicine,experimental,1
1976,medicine,transmission,1
1976,medicine,kuru,1
1976,medicine,like,1
1976,medicine,syndrome,1
1976,medicine,chimpanzees,1
1976,medicine,new,1
1976,medicine,antigen,1
1976,medicine,leukemia,1
1976,medicine,sera,1
1977,medicine,identity,1
1977,medicine,chemical,1
1977,medicine,hormonal,1
1977,medicine,properties,1
1977,medicine,thyrotropin,1
1977,medicine,releasing,2
1977,medicine,hormone,1
1977,medicine,pyroglutamyl,1
1977,medicine,histidyl,1
1977,medicine,proline,1
1977,medicine,amide,1
1977,medicine,characterization,1
1977,medicine,ovine,1
1977,medicine,hypothalamic,1
1977,medicine,hypophysiotropic,1
1977,medicine,tsh,1
1977,medicine,factor,1
1977,medicine,insulin,3
1977,medicine,i131,1
1977,medicine,metabolism,1
1977,medicine,human,1
1977,medicine,subjects,2
1977,medicine,demonstration,1
1977,medicine,binding,1
1977,medicine,globulin,1
1977,medicine,circulation,1
1977,medicine,treated,1
1978,medicine,specific,1
1978,medicine,cleavage,1
1978,medicine,simian,1
1978,medicine,virus,1
1978,medicine,DNA,3
1978,medicine,restriction,2
1978,medicine,endonuclease,1
1978,medicine,hemophilus,2
1978,medicine,influenzae,2
1978,medicine,host,1
1978,medicine,specificity,1
1978,medicine,produced,1
1978,medicine,escherichia,1
1978,medicine,coli,1
1978,medicine,control,1
1978,medicine,acceptance,1
1978,medicine,infecting,1
1978,medicine,phage,1
1978,medicine,enzyme,1
1978,medicine,base,1
1978,medicine,sequence,1
1978,medicine,recognition,1
1978,medicine,site,1
1979,medicine,computerized,1
1979,medicine,transverse,1
1979,medicine,axial,1
1979,medicine,scanning,1
1979,medicine,tomography,1
1979,medicine,part,1
1979,medicine,description,1
1979,medicine,system,1
1979,medicine,representation,1
1979,medicine,function,1
1979,medicine,line,1
1979,medicine,integrals,1
1979,medicine,radiological,1
1979,medicine,applications,1
1980,medicine,transamination,1
1980,medicine,reactions,1
1980,medicine,involving,1
1980,medicine,vitamin,1
1980,medicine,b6,1
1980,medicine,leukoagglutinins,2
1980,medicine,v,1
1980,medicine,chronic,1
1980,medicine,idiopathic,1
1980,medicine,symptomatic,1
1980,medicine,pancytopenia,1
1980,medicine,paroxysmal,1
1980,medicine,nocturnal,1
1980,medicine,hemoglobinuria,1
1980,medicine,properties,1
1980,medicine,guinea,1
1980,medicine,pig,1
1980,medicine,7s,1
1980,medicine,antibodies,2
1980,medicine,identification,1
1980,medicine,involved,1
1980,medicine,passive,1
1980,medicine,cutaneous,1
1980,medicine,systemic,1
1980,medicine,anaphylaxis,1
1981,medicine,receptive,2
1981,medicine,fields,2
1981,medicine,functional,2
1981,medicine,architecture,2
1981,medicine,monkey,2
1981,medicine,striate,2
1981,medicine,cortex,2
1981,medicine,chemoaffinity,1
1981,medicine,orderly,1
1981,medicine,growth,1
1981,medicine,nerve,1
1981,medicine,fiber,1
1981,medicine,patterns,1
1981,medicine,connections,1
1982,medicine,leukotriene,1
1982,medicine,slow,1
1982,medicine,reacting,1
1982,medicine,substance,2
1982,medicine,murine,1
1982,medicine,mastocytoma,1
1982,medicine,cells,1
1982,medicine,enzyme,1
1982,medicine,isolated,1
1982,medicine,arteries,1
1982,medicine,transforms,1
1982,medicine,prostaglandin,1
1982,medicine,endoperoxides,1
1982,medicine,unstable,1
1982,medicine,inhibits,1
1982,medicine,platelet,1
1982,medicine,aggregation,1
1982,medicine,regulation,1
1982,medicine,bile,1
1982,medicine,acid,1
1982,medicine,formation,1
1982,medicine,rat,1
1982,medicine,liver,1
1983,medicine,mutable,1
1983,medicine,loci,1
1983,medicine,maize,1
1984,medicine,continuous,2
1984,medicine,cultures,2
1984,medicine,fused,2
1984,medicine,cells,2
1984,medicine,secreting,2
1984,medicine,antibody,3
1984,medicine,predefined,2
1984,medicine,specificity,2
1984,medicine,natural,1
1984,medicine,selection,1
1984,medicine,theory,1
1984,medicine,formation,1
1985,medicine,regulation,1
1985,medicine,hydroxy,1
1985,medicine,methylglutaryl,1
1985,medicine,coenzyme,1
1985,medicine,reductase,1
1985,medicine,activity,1
1985,medicine,human,2
1985,medicine,fibroblasts,2
1985,medicine,lipoproteins,2
1985,medicine,binding,1
1985,medicine,degradation,1
1985,medicine,low,1
1985,medicine,density,1
1985,medicine,cultured,1
1985,medicine,comparison,1
1985,medicine,cells,1
1985,medicine,normal,1
1985,medicine,subject,1
1985,medicine,patient,1
1985,medicine,homozygous,1
1985,medicine,familial,1
1985,medicine,hypercholesterolemia,1
1986,medicine,nerve,1
1986,medicine,growth,1
1986,medicine,stimulating,1
1986,medicine,factor,1
1986,medicine,isolated,1
1986,medicine,snake,1
1986,medicine,venom,1
1986,medicine,effects,1
1986,medicine,mouse,1
1986,medicine,tumor,1
1986,medicine,transplantation,1
1986,medicine,nervous,1
1986,medicine,system,1
1987,medicine,evidence,1
1987,medicine,somatic,1
1987,medicine,rearrangement,1
1987,medicine,immunoglobulin,1
1987,medicine,genes,1
1987,medicine,coding,1
1987,medicine,variable,1
1987,medicine,constant,1
1987,medicine,regions,1
1988,medicine,definition,1
1988,medicine,antagonism,1
1988,medicine,histamine,1
1988,medicine,h2,1
1988,medicine,receptors,1
1988,medicine,studies,2
1988,medicine,condensed,2
1988,medicine,pyrimidine,2
1988,medicine,systems,2
1988,medicine,ix,2
1988,medicine,synthesis,2
1988,medicine,6,2
1988,medicine,substituted,2
1988,medicine,purines,2
1989,medicine,DNA,4
1989,medicine,related,2
1989,medicine,transforming,2
1989,medicine,gene,2
1989,medicine,avian,4
1989,medicine,sarcoma,2
1989,medicine,viruses,2
1989,medicine,present,2
1989,medicine,normal,2
1990,medicine,supralethal,1
1990,medicine,whole,1
1990,medicine,body,1
1990,medicine,irradiation,1
1990,medicine,isologous,1
1990,medicine,marrow,1
1990,medicine,transplantation,1
1990,medicine,man,1
1990,medicine,successful,1
1990,medicine,homotransplantation,1
1990,medicine,kidney,1
1990,medicine,identical,1
1990,medicine,twin,1
1991,medicine,mproved,1
1991,medicine,patch-clamp,2
1991,medicine,techniques,2
1991,medicine,high-resolution,2
1991,medicine,current,2
1991,medicine,recording,2
1991,medicine,cells,2
1991,medicine,cell-free,2
1991,medicine,membrane,2
1991,medicine,patches,2
1991,medicine,improved,1
1992,medicine,conversion,1
1992,medicine,phosphorylase,2
1992,medicine,muscle,2
1992,medicine,extracts,1
1992,medicine,reaction,1
1992,medicine,sodium,1
1992,medicine,borohydride,1
1992,medicine,phosphorylase1,1
1993,medicine,sizing,1
1993,medicine,mapping,1
1993,medicine,early,1
1993,medicine,adenovirus,2
1993,medicine,mrnas,1
1993,medicine,gel,1
1993,medicine,electrophoresis,1
1993,medicine,s1,1
1993,medicine,endonuclease-digested,1
1993,medicine,hybrids,1
1993,medicine,amazing,1
1993,medicine,sequence,1
1993,medicine,arrangement,1
1993,medicine,ends,1
1993,medicine,messenger,1
1993,medicine,RNA,1
1994,medicine,glucagon,2
1994,medicine,sensitive,1
1994,medicine,adenyl,1
1994,medicine,cyclase,2
1994,medicine,system,1
1994,medicine,plasma,1
1994,medicine,membranes,1
1994,medicine,rat,1
1994,medicine,liver,1
1994,medicine,v,1
1994,medicine,obligatory,1
1994,medicine,role,1
1994,medicine,guanyl,1
1994,medicine,nucleotides,1
1994,medicine,action,1
1994,medicine,purification,1
1994,medicine,regulatory,1
1994,medicine,component,1
1994,medicine,adenylate,1
1995,medicine,mutations,2
1995,medicine,affecting,2
1995,medicine,segment,2
1995,medicine,number,2
1995,medicine,polarity,2
1995,medicine,drosophila,3
1995,medicine,gene,1
1995,medicine,complex,1
1995,medicine,controlling,1
1995,medicine,segmentation,1
1996,medicine,immunological,2
1996,medicine,surveillance,2
1996,medicine,altered,2
1996,medicine,self,2
1996,medicine,components,2
1996,medicine,sensitised,2
1996,medicine,lymphocytes,2
1996,medicine,lymphocytic,2
1996,medicine,choriomeningitis,2
1997,medicine,novel,1
1997,medicine,proteinaceous,1
1997,medicine,infectious,1
1997,medicine,particles,1
1997,medicine,cause,1
1997,medicine,scrapie,1
1998,medicine,nitric,2
1998,medicine,oxide,2
1998,medicine,activates,1
1998,medicine,guanylate,1
1998,medicine,cyclase,1
1998,medicine,increases,1
1998,medicine,guanosine,1
1998,medicine,cyclic,1
1998,medicine,monophosphate,1
1998,medicine,levels,1
1998,medicine,various,1
1998,medicine,tissue,1
1998,medicine,preparations,1
1998,medicine,depression,1
1998,medicine,contractile,1
1998,medicine,responses,1
1998,medicine,rat,1
1998,medicine,aorta,1
1998,medicine,spontaneously,1
1998,medicine,released,2
1998,medicine,endothelium,2
1998,medicine,derived,2
1998,medicine,relaxing,2
1998,medicine,factor,2
1998,medicine,produced,1
1998,medicine,artery,1
1998,medicine,vein,1
1999,medicine,transfer,1
1999,medicine,proteins,1
1999,medicine,across,1
1999,medicine,membranes,1
1999,medicine,presence,1
1999,medicine,proteolytically,1
1999,medicine,processed,1
1999,medicine,unprocessed,1
1999,medicine,nascent,1
1999,medicine,immunoglobulin,1
1999,medicine,light,1
1999,medicine,chains,1
1999,medicine,membrane,1
1999,medicine,bound,1
1999,medicine,ribosomes,1
1999,medicine,murine,1
1999,medicine,myeloma,1
2000,medicine,neuronal,1
2000,medicine,correlates,1
2000,medicine,habituation,1
2000,medicine,dishabituation,1
2000,medicine,gill,1
2000,medicine,withdrawal,1
2000,medicine,reflex,1
2000,medicine,aplysia,1
2000,medicine,cyclic,1
2000,medicine,nucleotide,1
2000,medicine,dependent,2
2000,medicine,protein,2
2000,medicine,kinases,1
2000,medicine,widespread,1
2000,medicine,occurrence,1
2000,medicine,adenosine,1
2000,medicine,monophosphate,1
2000,medicine,kinase,1
2000,medicine,various,1
2000,medicine,tissues,1
2000,medicine,phyla,1
2000,medicine,animal,1
2000,medicine,kingdom,1
2000,medicine,4,1
2000,medicine,dihydroxyphenylalanine,1
2000,medicine,hydroxytryptophan,1
2000,medicine,reserpine,1
2000,medicine,antagonists,1
2001,medicine,negative,1
2001,medicine,regulation,1
2001,medicine,mitosis,1
2001,medicine,wee1,1
2001,medicine,gene,1
2001,medicine,encoding,1
2001,medicine,protein,2
2001,medicine,kinase,1
2001,medicine,homolog,1
2001,medicine,cyclin,1
2001,medicine,specified,1
2001,medicine,maternal,1
2001,medicine,mrna,1
2001,medicine,sea,1
2001,medicine,urchin,1
2001,medicine,eggs,1
2001,medicine,destroyed,1
2001,medicine,cleavage,1
2001,medicine,division,2
2001,medicine,genetic,1
2001,medicine,control,1
2001,medicine,cell,1
2001,medicine,cycle,1
2001,medicine,yeast,1
2001,medicine,genes,1
2001,medicine,controlling,1
2001,medicine,bud,1
2001,medicine,emergence,1
2001,medicine,cytokinesis,1
2002,medicine,genetic,1
2002,medicine,control,1
2002,medicine,programmed,1
2002,medicine,cell,2
2002,medicine,death,1
2002,medicine,nematode,2
2002,medicine,elegans,3
2002,medicine,genetics,1
2002,medicine,caenorhabditis,2
2002,medicine,post,1
2002,medicine,embryonic,1
2002,medicine,lineages,1
2003,medicine,multi,1
2003,medicine,planar,1
2003,medicine,image,2
2003,medicine,formation,2
2003,medicine,using,1
2003,medicine,nmr,1
2003,medicine,spin,1
2003,medicine,echoes,1
2003,medicine,induced,1
2003,medicine,local,1
2003,medicine,interactions,1
2003,medicine,examples,1
2003,medicine,employing,1
2003,medicine,nuclear,1
2003,medicine,magnetic,1
2003,medicine,resonance,1
2004,medicine,novel,2
2004,medicine,multigene,2
2004,medicine,family,2
2004,medicine,may,2
2004,medicine,encode,2
2004,medicine,odorant,2
2004,medicine,receptors,2
2004,medicine,molecular,2
2004,medicine,basis,2
2004,medicine,odor,2
2004,medicine,recognition,2
2005,medicine,unidentified,2
2005,medicine,curved,2
2005,medicine,bacilli,2
2005,medicine,stomach,2
2005,medicine,patients,2
2005,medicine,gastritis,2
2005,medicine,peptic,2
2005,medicine,ulceration,2
2006,medicine,potent,2
2006,medicine,specific,2
2006,medicine,genetic,2
2006,medicine,interference,2
2006,medicine,double,2
2006,medicine,stranded,2
2006,medicine,RNA,2
2006,medicine,caenorhabditis,2
2006,medicine,elegans,2
2007,medicine,establishment,1
2007,medicine,culture,1
2007,medicine,pluripotential,1
2007,medicine,cells,3
2007,medicine,mouse,2
2007,medicine,embryos,1
2007,medicine,high,1
2007,medicine,efficiency,1
2007,medicine,transformation,1
2007,medicine,direct,1
2007,medicine,microinjection,1
2007,medicine,DNA,1
2007,medicine,cultured,1
2007,medicine,mammalian,1
2007,medicine,targetted,1
2007,medicine,correction,1
2007,medicine,mutant,1
2007,medicine,hprt,1
2007,medicine,gene,1
2007,medicine,embryonic,1
2007,medicine,stem,1
2008,medicine,isolation,2
2008,medicine,lymphotropic,2
2008,medicine,retrovirus,2
2008,medicine,patient,2
2008,medicine,risk,2
2008,medicine,acquired,2
2008,medicine,immune,2
2008,medicine,deficiency,2
2008,medicine,syndrome,2
2008,medicine,aids,2
2008,medicine,new,1
2008,medicine,type,1
2008,medicine,papillomavirus,1
2008,medicine,DNA,1
2008,medicine,presence,1
2008,medicine,genital,1
2008,medicine,cancer,2
2008,medicine,biopsies,1
2008,medicine,cell,1
2008,medicine,lines,1
2008,medicine,derived,1
2008,medicine,cervical,1
2009,medicine,cloning,1
2009,medicine,yeast,1
2009,medicine,telomeres,1
2009,medicine,linear,1
2009,medicine,plasmid,1
2009,medicine,vectors,1
2009,medicine,identification,2
2009,medicine,specific,2
2009,medicine,telomere,2
2009,medicine,terminal,2
2009,medicine,transferase,2
2009,medicine,activity,2
2009,medicine,tetrahymena,2
2009,medicine,extracts,2
2010,medicine,birth,1
2010,medicine,reimplantation,1
2010,medicine,human,1
2010,medicine,embryo,1
2011,medicine,identification,1
2011,medicine,novel,1
2011,medicine,cell,1
2011,medicine,type,1
2011,medicine,peripheral,1
2011,medicine,lymphoid,1
2011,medicine,organs,1
2011,medicine,mice,2
2011,medicine,morphology,1
2011,medicine,quantitation,1
2011,medicine,tissue,1
2011,medicine,distribution,1
2011,medicine,dorsoventral,1
2011,medicine,regulatory,1
2011,medicine,gene,2
2011,medicine,cassette,1
2011,medicine,spatzle,1
2011,medicine,toll,1
2011,medicine,cactus,1
2011,medicine,controls,1
2011,medicine,potent,1
2011,medicine,antifungal,1
2011,medicine,response,1
2011,medicine,drosophila,1
2011,medicine,adults,1
2011,medicine,defective,1
2011,medicine,lps,1
2011,medicine,signaling,1
2011,medicine,c3h,1
2011,medicine,hej,1
2011,medicine,c57bl,1
2011,medicine,10sccr,1
2011,medicine,mutations,1
2011,medicine,tlr4,1
2012,medicine,induction,1
2012,medicine,pluripotent,1
2012,medicine,stem,1
2012,medicine,cells,2
2012,medicine,adult,1
2012,medicine,human,1
2012,medicine,fibroblasts,1
2012,medicine,defined,1
2012,medicine,factors,1
2012,medicine,developmental,1
2012,medicine,capacity,1
2012,medicine,nuclei,1
2012,medicine,taken,1
2012,medicine,intestinal,1
2012,medicine,epithelium,1
2012,medicine,feeding,1
2012,medicine,tadpoles,1
2013,medicine,synaptotagmin,1
2013,medicine,major,1
2013,medicine,ca2,1
2013,medicine,sensor,1
2013,medicine,transmitter,1
2013,medicine,release,1
2013,medicine,central,1
2013,medicine,synapse,1
2013,medicine,identification,1
2013,medicine,23,1
2013,medicine,complementation,1
2013,medicine,groups,1
2013,medicine,required,1
2013,medicine,post,1
2013,medicine,translational,1
2013,medicine,events,1
2013,medicine,yeast,1
2013,medicine,secretory,1
2013,medicine,pathway,1
2013,medicine,snap,1
2013,medicine,receptors,1
2013,medicine,implicated,1
2013,medicine,vesicle,1
2013,medicine,targeting,1
2013,medicine,fusion,1
2014,medicine,microstructure,2
2014,medicine,spatial,3
2014,medicine,map,3
2014,medicine,entorhinal,2
2014,medicine,cortex,2
2014,medicine,hippocampus,1
2014,medicine,preliminary,1
2014,medicine,evidence,1
2014,medicine,unit,1
2014,medicine,activity,1
2014,medicine,freely,1
2014,medicine,moving,1
2014,medicine,rat,1
2015,medicine,new,3
2015,medicine,sesquiterpene,1
2015,medicine,lactone-qinghaosu,1
2015,medicine,avermectins,2
2015,medicine,family,2
2015,medicine,potent,2
2015,medicine,anthelmintic,2
2015,medicine,agents,2
2015,medicine,producing,1
2015,medicine,organism,1
2015,medicine,fermentation,1
2015,medicine,efficacy,1
2015,medicine,b1a,1
2015,medicine,component,1
2016,medicine,autophagy,1
2016,medicine,yeast,1
2016,medicine,demonstrated,1
2016,medicine,proteinase,1
2016,medicine,deficient,1
2016,medicine,mutants,1
2016,medicine,conditions,1
2016,medicine,induction,1
1902,physics,influence,1
1902,physics,magnetic,1
1902,physics,field,1
1902,physics,radiation,1
1902,physics,frequency,1
1905,physics,ueber,1
1905,physics,kathodenstrahlen,1
1905,physics,gasen,1
1905,physics,von,1
1905,physics,atmosphrischem,1
1905,physics,druck,1
1905,physics,und,1
1905,physics,im,1
1905,physics,ussersten,1
1905,physics,vacuum,1
1906,physics,xl,1
1906,physics,cathode,1
1906,physics,rays,1
1907,physics,relative,1
1907,physics,motion,1
1907,physics,earth,1
1907,physics,luminiferous,1
1907,physics,ether,1
1913,physics,experiments,1
1913,physics,liquid,1
1913,physics,helium,1
1913,physics,change,1
1913,physics,electrical,1
1913,physics,resistance,2
1913,physics,pure,1
1913,physics,metals,1
1913,physics,low,1
1913,physics,temperatures,1
1913,physics,v,1
1913,physics,disappearance,1
1913,physics,mercury,1
1914,physics,interferenzerscheinungen,1
1914,physics,bei,1
1914,physics,rontgenstrahlen,1
1915,physics,reflection,1
1915,physics,rays,1
1915,physics,crystals,1
1917,physics,polarisation,1
1917,physics,secondary,1
1917,physics,rontgen,1
1917,physics,radiation,1
1918,physics,ueber,1
1918,physics,das,1
1918,physics,gesetz,1
1918,physics,energieverteilung,1
1918,physics,im,1
1918,physics,normalspectrum,1
1919,physics,beobachtungen,1
1919,physics,uber,1
1919,physics,den,1
1919,physics,effekt,1
1919,physics,des,1
1919,physics,elektrischen,1
1919,physics,feldes,1
1919,physics,auf,1
1919,physics,spektrallinien,1
1919,physics,langseffekt,1
1920,physics,anomaly,1
1920,physics,nickel-steels,1
1921,physics,movement,1
1921,physics,small,1
1921,physics,particles,1
1921,physics,suspended,1
1921,physics,stationary,1
1921,physics,liquid,1
1921,physics,demanded,1
1921,physics,molecular,1
1921,physics,kinetic,1
1921,physics,theory,1
1921,physics,heart,1
1922,physics,theory,1
1922,physics,decrease,1
1922,physics,velocity,1
1922,physics,moving,1
1922,physics,electrified,1
1922,physics,particles,1
1922,physics,passing,1
1922,physics,matter,1
1923,physics,new,1
1923,physics,modification,1
1923,physics,cloud,1
1923,physics,method,1
1923,physics,measuring,1
1923,physics,elementary,1
1923,physics,electrical,1
1923,physics,charge,2
1923,physics,probable,1
1923,physics,value,1
1924,physics,vacuum,1
1924,physics,spectrograph,1
1924,physics,registration,1
1924,physics,high-frequence,1
1924,physics,spectra,1
1924,physics,preliminary,1
1924,physics,testing,1
1924,physics,rare,1
1924,physics,soils,1
1925,physics,confirmation,2
1925,physics,bohr,2
1925,physics,atomic,2
1925,physics,theory,2
1925,physics,optical,2
1925,physics,spectra,2
1925,physics,means,2
1925,physics,experiments,2
1925,physics,unelastic,2
1925,physics,impacts,2
1925,physics,slow,2
1925,physics,electrons,2
1925,physics,gas,2
1925,physics,molecules,2
1926,physics,sur,1
1926,physics,la,1
1926,physics,theorie,1
1926,physics,du,1
1926,physics,mouvement,1
1926,physics,brownien,1
1927,physics,cxvii,1
1927,physics,total,1
1927,physics,reflexion,1
1927,physics,rays,1
1927,physics,method,1
1927,physics,making,1
1927,physics,visible,1
1927,physics,paths,1
1927,physics,ionising,1
1927,physics,particles,1
1927,physics,gas,1
1928,physics,negative,1
1928,physics,radiation,1
1928,physics,hot,1
1928,physics,platinum,1
1929,physics,tentative,1
1929,physics,theory,1
1929,physics,light,1
1929,physics,quanta,1
1930,physics,new,1
1930,physics,type,1
1930,physics,secondary,1
1930,physics,radiation,1
1932,physics,zur,1
1932,physics,theorie,1
1932,physics,des,1
1932,physics,ferromagnetismus,1
1933,physics,quantisierung,1
1933,physics,als,1
1933,physics,eigenwertproblem,1
1933,physics,quantum,1
1933,physics,theory,1
1933,physics,electron,1
1935,physics,possible,1
1935,physics,existence,1
1935,physics,neutron,1
1936,physics,observations,1
1936,physics,low,1
1936,physics,level,1
1936,physics,radiation,1
1936,physics,seven,1
1936,physics,free,1
1936,physics,balloon,1
1936,physics,flights,1
1936,physics,positive,1
1936,physics,electron,1
1937,physics,diffraction,2
1937,physics,electrons,1
1937,physics,crystal,1
1937,physics,nickel,1
1937,physics,cathode,1
1937,physics,rays,1
1937,physics,thin,1
1937,physics,film,1
1938,physics,attempt,1
1938,physics,theory,1
1938,physics,beta,1
1938,physics,radiation,1
1939,physics,production,1
1939,physics,heavy,1
1939,physics,high,2
1939,physics,speed,1
1939,physics,ions,1
1939,physics,without,1
1939,physics,use,1
1939,physics,voltages,1
1943,physics,magnetic,1
1943,physics,moment,1
1943,physics,silver,1
1943,physics,atoms,1
1944,physics,new,1
1944,physics,method,1
1944,physics,measuring,1
1944,physics,nuclear,1
1944,physics,magnetic,1
1944,physics,moment,1
1945,physics,uber,1
1945,physics,den,1
1945,physics,zusammenhang,1
1945,physics,des,1
1945,physics,abschlusses,1
1945,physics,elektronengruppen,1
1945,physics,im,1
1945,physics,atom,1
1945,physics,mit,1
1945,physics,komplexstruktur,1
1945,physics,spektren,1
1946,physics,new,1
1946,physics,modifications,1
1946,physics,phosphorus,1
1947,physics,direct,1
1947,physics,evidence,1
1947,physics,downward,1
1947,physics,atmospheric,1
1947,physics,reflection,1
1947,physics,electric,1
1947,physics,rays,1
1948,physics,photographs,1
1948,physics,tracks,1
1948,physics,penetrating,1
1948,physics,radiation,1
1949,physics,mass,1
1949,physics,mean,1
1949,physics,life,1
1949,physics,time,1
1949,physics,meson,1
1950,physics,processes,1
1950,physics,involving,1
1950,physics,charged,1
1950,physics,mesons,1
1951,physics,experiments,2
1951,physics,high,4
1951,physics,velocity,4
1951,physics,positive,2
1951,physics,ions,2
1951,physics,disintegration,2
1951,physics,elements,2
1951,physics,protons,2
1952,physics,nuclear,2
1952,physics,induction,1
1952,physics,experiment,1
1952,physics,resonance,1
1952,physics,absorption,1
1952,physics,magnetic,1
1952,physics,moments,1
1952,physics,solid,1
1953,physics,diffraction,1
1953,physics,theory,1
1953,physics,knife,1
1953,physics,edge,1
1953,physics,test,1
1953,physics,improved,1
1953,physics,form,1
1953,physics,phase,1
1953,physics,contrast,1
1953,physics,method,1
1954,physics,quantum,1
1954,physics,theory,1
1954,physics,molecules,1
1954,physics,uber,1
1954,physics,das,1
1954,physics,wesen,1
1954,physics,des,1
1954,physics,comptoneffekts,1
1954,physics,ein,1
1954,physics,experimenteller,1
1954,physics,beitrag,1
1954,physics,zur,1
1954,physics,theorie,1
1954,physics,strahlung,1
1955,physics,magnetic,1
1955,physics,moment,1
1955,physics,electron,1
1955,physics,fine,1
1955,physics,structure,1
1955,physics,hydrogen,1
1955,physics,atom,1
1955,physics,microwave,1
1955,physics,method,1
1956,physics,surface,1
1956,physics,states,1
1956,physics,rectification,1
1956,physics,metal,1
1956,physics,semi,2
1956,physics,conductor,2
1956,physics,contact,1
1956,physics,transistor,1
1956,physics,triode,1
1956,physics,deformation,1
1956,physics,potentials,1
1956,physics,mobilities,1
1956,physics,non,1
1956,physics,polar,1
1956,physics,crystals,1
1957,physics,question,2
1957,physics,parity,2
1957,physics,conservation,2
1957,physics,weak,2
1957,physics,interactions,2
1958,physics,visible,3
1958,physics,emission,1
1958,physics,clean,1
1958,physics,liquids,1
1958,physics,action,1
1958,physics,radiation,3
1958,physics,coherent,2
1958,physics,fast,2
1958,physics,electrons,2
1958,physics,passing,2
1958,physics,matter,2
1959,physics,observation,2
1959,physics,antiprotons,2
1960,physics,effects,1
1960,physics,ionizing,1
1960,physics,radiation,1
1960,physics,formation,1
1960,physics,bubbles,1
1960,physics,liquids,1
1961,physics,kernresonanzfluoreszenz,1
1961,physics,von,1
1961,physics,gammastrahlung,1
1961,physics,ir191,1
1961,physics,detection,1
1961,physics,gamma,1
1961,physics,rays,1
1961,physics,thallium,1
1961,physics,activated,1
1961,physics,sodium,1
1961,physics,iodide,1
1961,physics,crystals,1
1962,physics,theory,1
1962,physics,superfluidity,1
1962,physics,helium,1
1963,physics,magic,1
1963,physics,numbers,1
1963,physics,nuclear,1
1963,physics,structure,1
1963,physics,closed,1
1963,physics,shells,1
1963,physics,nuclei,1
1963,physics,interaction,1
1963,physics,electrons,1
1963,physics,metals,1
1964,physics,primenenie,2
1964,physics,molekulyarnykh,2
1964,physics,puchkov,2
1964,physics,dlya,2
1964,physics,radiospektroskopicheskogo,2
1964,physics,izucheniya,2
1964,physics,vrashchatelnykh,2
1964,physics,spektrov,2
1964,physics,molekul,2
1964,physics,stark,1
1964,physics,effect,1
1964,physics,rapidly,1
1964,physics,varying,1
1964,physics,fields,1
1965,physics,relativistic,1
1965,physics,cut,1
1965,physics,quantum,3
1965,physics,electrodynamics,2
1965,physics,magnetic,1
1965,physics,moment,1
1965,physics,electron,1
1965,physics,relativistically,1
1965,physics,invariant,1
1965,physics,formulation,1
1965,physics,theory,1
1965,physics,wave,1
1965,physics,fields,1
1966,physics,quelques,1
1966,physics,suggestions,1
1966,physics,concernant,1
1966,physics,la,3
1966,physics,production,1
1966,physics,optique,2
1966,physics,et,3
1966,physics,detection,1
1966,physics,dune,1
1966,physics,inegalite,1
1966,physics,de,3
1966,physics,population,1
1966,physics,des,2
1966,physics,niveaux,1
1966,physics,quantification,1
1966,physics,spatiale,1
1966,physics,atomes,1
1966,physics,application,1
1966,physics,lexperience,1
1966,physics,stern,1
1966,physics,gerlach,1
1966,physics,resonance,1
1966,physics,magnetique,1
1967,physics,energy,1
1967,physics,production,1
1967,physics,stars,1
1968,physics,catalysis,1
1968,physics,nuclear,1
1968,physics,reactions,1
1968,physics,mu,1
1968,physics,mesons,1
1969,physics,symmetries,1
1969,physics,baryons,1
1969,physics,mesons,1
1970,physics,proprietes,1
1970,physics,magnetiques,1
1970,physics,des,1
1970,physics,ferrites,1
1970,physics,ferrimagnetisme,1
1970,physics,et,1
1970,physics,antiferromagnetisme,1
1970,physics,existence,1
1970,physics,electromagnetic,1
1970,physics,hydrodynamic,1
1970,physics,waves,1
1971,physics,microscopy,1
1971,physics,reconstructed,1
1971,physics,wave,1
1971,physics,fronts,1
1972,physics,theory,2
1972,physics,superconductivity,2
1972,physics,surface,1
1972,physics,states,1
1972,physics,rectification,1
1972,physics,metal,1
1972,physics,semi,1
1972,physics,conductor,1
1972,physics,contact,1
1973,physics,new,2
1973,physics,phenomenon,1
1973,physics,narrow,1
1973,physics,germanium,1
1973,physics,p,1
1973,physics,n,1
1973,physics,junctions,1
1973,physics,energy,1
1973,physics,gap,1
1973,physics,superconductors,1
1973,physics,measured,1
1973,physics,electron,1
1973,physics,tunneling,1
1973,physics,possible,1
1973,physics,effects,1
1973,physics,superconductive,1
1973,physics,tunnelling,1
1974,physics,solar,1
1974,physics,radiation,1
1974,physics,175,1
1974,physics,mc,1
1974,physics,observation,1
1974,physics,rapidly,1
1974,physics,pulsating,1
1974,physics,radio,1
1974,physics,source,1
1975,physics,rotational,2
1975,physics,states,2
1975,physics,nuclei,2
1975,physics,nuclear,2
1975,physics,energy,1
1975,physics,level,1
1975,physics,argument,1
1975,physics,spheroidal,1
1975,physics,model,1
1976,physics,experimental,1
1976,physics,observation,1
1976,physics,heavy,1
1976,physics,particle,1
1976,physics,j,1
1976,physics,discovery,1
1976,physics,second,1
1976,physics,narrow,1
1976,physics,resonance,1
1976,physics,annihilation,1
1977,physics,basis,1
1977,physics,electron,1
1977,physics,theory,2
1977,physics,metals,2
1977,physics,special,1
1977,physics,reference,1
1977,physics,transition,1
1977,physics,absence,1
1977,physics,diffusion,1
1977,physics,certain,1
1977,physics,random,1
1977,physics,lattices,1
1977,physics,variations,1
1977,physics,paramagnetic,1
1977,physics,anisotropy,1
1977,physics,among,1
1977,physics,different,1
1977,physics,salts,1
1977,physics,iron,1
1977,physics,group,1
1978,physics,viscosity,1
1978,physics,liquid,1
1978,physics,helium,1
1978,physics,point,1
1978,physics,measurement,2
1978,physics,excess,2
1978,physics,antenna,2
1978,physics,temperature,2
1978,physics,4080,2
1978,physics,mc,2
1979,physics,weak,2
1979,physics,electromagnetic,1
1979,physics,interactions,2
1979,physics,model,1
1979,physics,leptons,1
1979,physics,partial,1
1979,physics,symmetries,1
1980,physics,evidence,2
1980,physics,pi,2
1980,physics,decay,2
1980,physics,k2,2
1980,physics,0,2
1980,physics,meson,2
1981,physics,ray,1
1981,physics,spectroscopy,1
1981,physics,precision,1
1981,physics,range,1
1981,physics,105,1
1981,physics,infrared,1
1981,physics,optical,1
1981,physics,masers,1
1981,physics,light,1
1981,physics,waves,1
1981,physics,boundary,1
1981,physics,nonlinear,1
1981,physics,media,1
1982,physics,renormalization,2
1982,physics,group,2
1982,physics,critical,1
1982,physics,phenomena,1
1982,physics,kadanoff,1
1982,physics,scaling,1
1982,physics,picture,1
1983,physics,excited,1
1983,physics,states,1
1983,physics,mirror,1
1983,physics,nuclei,1
1983,physics,li7,1
1983,physics,be7,1
1983,physics,maximum,1
1983,physics,mass,1
1983,physics,ideal,1
1983,physics,white,1
1983,physics,dwarfs,1
1984,physics,experimental,2
1984,physics,observation,2
1984,physics,lepton,2
1984,physics,pairs,2
1984,physics,invariant,2
1984,physics,mass,2
1984,physics,around,2
1984,physics,95,2
1984,physics,gev,2
1984,physics,c2,2
1984,physics,cern,2
1984,physics,sps,2
1984,physics,collider,2
1985,physics,new,1
1985,physics,method,1
1985,physics,high,1
1985,physics,accuracy,1
1985,physics,determination,1
1985,physics,fine,1
1985,physics,structure,1
1985,physics,constant,1
1985,physics,based,1
1985,physics,quantized,1
1985,physics,hall,1
1985,physics,resistance,1
1986,physics,scanning,2
1986,physics,tunneling,2
1986,physics,microscopy,2
1986,physics,surface,1
1986,physics,studies,1
1986,physics,beitrag,1
1986,physics,zur,1
1986,physics,geometrischen,1
1986,physics,elektronenoptik,1
1987,physics,possible,2
1987,physics,high,2
1987,physics,tc,2
1987,physics,superconductivity,2
1987,physics,ba,2
1987,physics,la,2
1987,physics,cu,2
1987,physics,system,2
1988,physics,observation,3
1988,physics,high,3
1988,physics,energy,3
1988,physics,neutrino,3
1988,physics,reactions,3
1988,physics,existence,3
1988,physics,kinds,3
1988,physics,neutrinos,3
1989,physics,magnetic,1
1989,physics,shielding,1
1989,physics,nuclei,1
1989,physics,molecules,1
1989,physics,spin,1
1989,physics,resonance,1
1989,physics,free,1
1989,physics,electrons,1
1989,physics,polarized,1
1989,physics,exchange,1
1989,physics,collisions,1
1989,physics,notizen,1
1989,physics,ein,1
1989,physics,neues,1
1989,physics,massenspektrometer,1
1989,physics,ohne,1
1989,physics,magnetfeld,1
1990,physics,high,3
1990,physics,energy,3
1990,physics,inelastic,3
1990,physics,p,3
1990,physics,scattering,3
1990,physics,6,3
1990,physics,10,3
1991,physics,coil,1
1991,physics,stretch,1
1991,physics,transition,1
1991,physics,dilute,1
1991,physics,flexible,1
1991,physics,polymers,1
1991,physics,ultrahigh,1
1991,physics,velocity,1
1991,physics,gradients,1
1992,physics,use,1
1992,physics,multiwire,1
1992,physics,proportional,1
1992,physics,counters,1
1992,physics,select,1
1992,physics,localize,1
1992,physics,charged,1
1992,physics,particles,1
1993,physics,discovery,2
1993,physics,pulsar,2
1993,physics,binary,2
1993,physics,system,2
1994,physics,neutron,2
1994,physics,diffraction,1
1994,physics,paramagnetic,1
1994,physics,antiferromagnetic,1
1994,physics,substances,1
1994,physics,normal,1
1994,physics,modes,1
1994,physics,germanium,1
1994,physics,spectrometry,1
1995,physics,evidence,1
1995,physics,anomalous,1
1995,physics,lepton,1
1995,physics,production,1
1995,physics,annihilation,1
1995,physics,detection,1
1995,physics,free,1
1995,physics,neutrino,1
1996,physics,new,3
1996,physics,magnetic,2
1996,physics,phenomena,2
1996,physics,liquidhe3below,2
1996,physics,mk,2
1996,physics,evidence,1
1996,physics,phase,1
1996,physics,solid,1
1997,physics,observation,2
1997,physics,atoms,1
1997,physics,laser,2
1997,physics,cooled,1
1997,physics,doppler,1
1997,physics,limit,1
1997,physics,cooling,1
1997,physics,one,1
1997,physics,photon,1
1997,physics,recoil,1
1997,physics,velocity,1
1997,physics,selective,1
1997,physics,coherent,1
1997,physics,population,1
1997,physics,trapping,1
1997,physics,single,1
1997,physics,beam,1
1997,physics,gradient,1
1997,physics,force,1
1997,physics,optical,1
1997,physics,trap,1
1997,physics,dielectric,1
1997,physics,particles,1
1998,physics,dimensional,2
1998,physics,magnetotransport,2
1998,physics,extreme,2
1998,physics,quantum,4
1998,physics,limit,2
1998,physics,anomalous,1
1998,physics,hall,1
1998,physics,effect,1
1998,physics,incompressible,1
1998,physics,fluid,1
1998,physics,fractionally,1
1998,physics,charged,1
1998,physics,excitations,1
1999,physics,regularization,2
1999,physics,renormalization,2
1999,physics,gauge,2
1999,physics,fields,2
2000,physics,heterostructure,1
2000,physics,bipolar,1
2000,physics,transistors,1
2000,physics,integrated,2
2000,physics,circuits,1
2000,physics,low,1
2000,physics,threshold,1
2000,physics,large,1
2000,physics,injection,1
2000,physics,laser,1
2000,physics,emission,1
2000,physics,inga,1
2000,physics,quantum,1
2000,physics,dots,1
2000,physics,invention,1
2000,physics,circuit,1
2001,physics,observation,2
2001,physics,bose,3
2001,physics,einstein,3
2001,physics,condensation,3
2001,physics,dilute,2
2001,physics,atomic,2
2001,physics,vapor,2
2001,physics,gas,1
2001,physics,sodium,1
2001,physics,atoms,1
2002,physics,evidence,2
2002,physics,oscillation,1
2002,physics,atmospheric,1
2002,physics,neutrinos,2
2002,physics,rays,1
2002,physics,sources,1
2002,physics,outside,1
2002,physics,solar,1
2002,physics,system,1
2002,physics,search,1
2002,physics,sun,1
2003,physics,magnetic,1
2003,physics,properties,2
2003,physics,superconductors,1
2003,physics,second,1
2003,physics,group,1
2003,physics,theory,2
2003,physics,superfluid,1
2003,physics,fermi,1
2003,physics,liquid,1
2003,physics,general,1
2003,physics,formalism,1
2003,physics,static,1
2003,physics,superconductivity,1
2003,physics,russian,1
2004,physics,ultraviolet,2
2004,physics,behavior,2
2004,physics,non,2
2004,physics,abelian,2
2004,physics,gauge,2
2004,physics,theories,2
2004,physics,reliable,1
2004,physics,perturbative,1
2004,physics,results,1
2004,physics,strong,1
2004,physics,interactions,1
2005,physics,quantum,1
2005,physics,theory,1
2005,physics,optical,2
2005,physics,coherence,1
2005,physics,carrier,1
2005,physics,envelope,1
2005,physics,phase,1
2005,physics,control,1
2005,physics,femtosecond,1
2005,physics,mode,1
2005,physics,locked,1
2005,physics,lasers,1
2005,physics,direct,1
2005,physics,frequency,1
2005,physics,synthesis,1
2005,physics,collapse,1
2005,physics,revival,1
2005,physics,matter,1
2005,physics,wave,1
2005,physics,field,1
2005,physics,bose,1
2005,physics,einstein,1
2005,physics,condensate,1
2006,physics,preliminary,2
2006,physics,measurement,1
2006,physics,cosmic,2
2006,physics,microwave,2
2006,physics,background,2
2006,physics,spectrum,1
2006,physics,explorer,1
2006,physics,cobe,2
2006,physics,satellite,1
2006,physics,differential,1
2006,physics,radiometers,1
2006,physics,systematic,1
2006,physics,error,1
2006,physics,analysis,1
2007,physics,giant,1
2007,physics,magnetoresistance,1
2007,physics,001,2
2007,physics,fe,2
2007,physics,cr,2
2007,physics,magnetic,2
2007,physics,superlattices,1
2007,physics,layered,1
2007,physics,structures,1
2007,physics,evidence,1
2007,physics,antiferromagnetic,1
2007,physics,coupling,1
2007,physics,layers,1
2007,physics,across,1
2007,physics,interlayers,1
2008,physics,axial,1
2008,physics,vector,1
2008,physics,current,1
2008,physics,conservation,1
2008,physics,weak,3
2008,physics,interactions,1
2008,physics,cp,2
2008,physics,violation,2
2008,physics,renormalizable,2
2008,physics,theory,2
2008,physics,interaction,2
2009,physics,dielectric,1
2009,physics,fibre,1
2009,physics,surface,1
2009,physics,waveguides,1
2009,physics,optical,1
2009,physics,frequencies,1
2009,physics,charge,2
2009,physics,coupled,2
2009,physics,semiconductor,2
2009,physics,devices,2
2010,physics,electric,2
2010,physics,field,2
2010,physics,effect,2
2010,physics,atomically,2
2010,physics,thin,2
2010,physics,carbon,2
2010,physics,films,2
2011,physics,discovery,1
2011,physics,supernova,1
2011,physics,explosion,1
2011,physics,half,1
2011,physics,age,1
2011,physics,universe,3
2011,physics,observational,2
2011,physics,evidence,2
2011,physics,supernovae,2
2011,physics,accelerating,2
2011,physics,cosmological,2
2011,physics,constant,2
2012,physics,observing,1
2012,physics,progressive,1
2012,physics,decoherence,1
2012,physics,meter,1
2012,physics,quantum,1
2012,physics,measurement,1
2012,physics,schrodinger,1
2012,physics,cat,1
2012,physics,superposition,1
2012,physics,state,1
2012,physics,atom,1
2013,physics,broken,2
2013,physics,symmetry,1
2013,physics,mass,1
2013,physics,gauge,2
2013,physics,vector,1
2013,physics,mesons,1
2013,physics,symmetries,1
2013,physics,massless,1
2013,physics,particles,1
2013,physics,fields,1
2014,physics,p,2
2014,physics,type,2
2014,physics,conduction,2
2014,physics,mg,2
2014,physics,doped,2
2014,physics,gan,2
2014,physics,treated,2
2014,physics,low,2
2014,physics,energy,2
2014,physics,electron,2
2014,physics,beam,2
2014,physics,irradiation,2
2014,physics,leebi,2
2014,physics,candela,1
2014,physics,class,1
2014,physics,high,1
2014,physics,brightness,1
2014,physics,ingan,1
2014,physics,algan,1
2014,physics,double,1
2014,physics,heterostructure,1
2014,physics,blue,1
2014,physics,light,1
2014,physics,emitting,1
2014,physics,diodes,1
2015,physics,evidence,1
2015,physics,oscillation,1
2015,physics,atmospheric,1
2015,physics,neutrinos,2
2015,physics,measurement,1
2015,physics,rate,1
2015,physics,p,2
2015,physics,interactions,1
2015,physics,produced,1
2015,physics,8b,1
2015,physics,solar,1
2015,physics,sudbury,1
2015,physics,neutrino,1
2015,physics,observatory,1
2016,physics,ordering,2
2016,physics,metastability,2
2016,physics,phase,2
2016,physics,transitions,2
2016,physics,dimensional,3
2016,physics,systems,2
2016,physics,nonlinear,1
2016,physics,field,1
2016,physics,theory,1
2016,physics,large,1
2016,physics,spin,1
2016,physics,heisenberg,1
2016,physics,antiferromagnets,1
2016,physics,semiclassically,1
2016,physics,quantized,1
2016,physics,solitons,1
2016,physics,one,1
2016,physics,easy,1
2016,physics,axis,1
2016,physics,neel,1
2016,physics,state,1
